<?xml version="1.0" encoding="UTF-8"?>
<project-private xmlns="http://www.netbeans.org/ns/project-private/1">
    <editor-bookmarks xmlns="http://www.netbeans.org/ns/editor-bookmarks/2" lastBookmarkId="0"/>
    <open-files xmlns="http://www.netbeans.org/ns/projectui-open-files/2">
        <group>
            <file>file:/C:/Users/thabololo/Documents/NetBeansProjects/Tag/src/tag/Registration_form.java</file>
            <file>file:/C:/Users/thabololo/Documents/NetBeansProjects/Tag/src/tag/Login.java</file>
            <file>file:/C:/Users/thabololo/Documents/NetBeansProjects/Tag/src/tag/Registration.java</file>
            <file>file:/C:/Users/thabololo/Documents/NetBeansProjects/Tag/src/tag/business_registration_form.java</file>
        </group>
    </open-files>
</project-private>
